{"team_name": "tw1022", "set_name": "EVAL", "report_date": "03052023_13_01_28", "overall_scores": {"precision": 0.0006507874528179097, "recall": 0.022988505747126436, "fmeasure (percentage)": 0.127}, "scores_per_subset": {"HV": {"precision": 0.0005063291139240507, "recall": 0.025, "f-measure": 0.0009925558312655087}, "PB": {"precision": 0.0009105809506465125, "recall": 0.02127659574468085, "f-measure": 0.0017464198393293748}}, "scores_per_audiofile": {"a1.wav": {"precision": 0.000731528895391368, "recall": 0.045454545454545456, "f-measure": 0.0014398848092152627}, "n1.wav": {"precision": 1e-05, "recall": 1e-05, "f-measure": 1e-05}, "BUK1_20181011_001004.wav": {"precision": 0.0009733307377846992, "recall": 0.16129032258064516, "f-measure": 0.001934984520123839}, "BUK1_20181013_023504.wav": {"precision": 1e-05, "recall": 1e-05, "f-measure": 1e-05}, "BUK4_20161011_000804.wav": {"precision": 1e-05, "recall": 1e-05, "f-measure": 1e-05}, "BUK4_20171022_004304a.wav": {"precision": 1e-05, "recall": 1e-05, "f-measure": 1e-05}, "BUK5_20161101_002104a.wav": {"precision": 1e-05, "recall": 1e-05, "f-measure": 1e-05}, "BUK5_20180921_015906a.wav": {"precision": 1e-05, "recall": 1e-05, "f-measure": 1e-05}}}