{"team_name": "tw1022", "set_name": "EVAL", "report_date": "03052023_12_19_07", "overall_scores": {"precision": 1.9914070784564607e-05, "recall": 1.99885066087e-05, "fmeasure (percentage)": 0.002}, "scores_per_subset": {"HV": {"precision": 1e-05, "recall": 1e-05, "f-measure": 1e-05}, "PB": {"precision": 0.002317497103128621, "recall": 0.017391304347826087, "f-measure": 0.00408997955010225}}, "scores_per_audiofile": {"a1.wav": {"precision": 1e-05, "recall": 1e-05, "f-measure": 1e-05}, "n1.wav": {"precision": 1e-05, "recall": 1e-05, "f-measure": 1e-05}, "BUK1_20181011_001004.wav": {"precision": 0.0028388928317956, "recall": 0.12903225806451613, "f-measure": 0.005555555555555556}, "BUK1_20181013_023504.wav": {"precision": 1e-05, "recall": 1e-05, "f-measure": 1e-05}, "BUK4_20161011_000804.wav": {"precision": 1e-05, "recall": 1e-05, "f-measure": 1e-05}, "BUK4_20171022_004304a.wav": {"precision": 1e-05, "recall": 1e-05, "f-measure": 1e-05}, "BUK5_20161101_002104a.wav": {"precision": 1e-05, "recall": 1e-05, "f-measure": 1e-05}, "BUK5_20180921_015906a.wav": {"precision": 1e-05, "recall": 1e-05, "f-measure": 1e-05}}}