{"team_name": "tw1022", "set_name": "EVAL", "report_date": "03052023_12_49_39", "overall_scores": {"precision": 0.0008172160174339418, "recall": 0.017142857142857144, "fmeasure (percentage)": 0.156}, "scores_per_subset": {"HV": {"precision": 0.0011185682326621924, "recall": 0.025, "f-measure": 0.0021413276231263384}, "PB": {"precision": 0.0006437768240343348, "recall": 0.013043478260869565, "f-measure": 0.001226993865030675}}, "scores_per_audiofile": {"a1.wav": {"precision": 0.0017543859649122807, "recall": 0.045454545454545456, "f-measure": 0.0033783783783783786}, "n1.wav": {"precision": 1e-05, "recall": 1e-05, "f-measure": 1e-05}, "BUK1_20181011_001004.wav": {"precision": 0.0006955715279387897, "recall": 0.0967741935483871, "f-measure": 0.0013812154696132596}, "BUK1_20181013_023504.wav": {"precision": 1e-05, "recall": 1e-05, "f-measure": 1e-05}, "BUK4_20161011_000804.wav": {"precision": 1e-05, "recall": 1e-05, "f-measure": 1e-05}, "BUK4_20171022_004304a.wav": {"precision": 1e-05, "recall": 1e-05, "f-measure": 1e-05}, "BUK5_20161101_002104a.wav": {"precision": 1e-05, "recall": 1e-05, "f-measure": 1e-05}, "BUK5_20180921_015906a.wav": {"precision": 1e-05, "recall": 1e-05, "f-measure": 1e-05}}}