{"team_name": "tw1022", "set_name": "EVAL", "report_date": "03052023_13_01_27", "overall_scores": {"precision": 0.0006827802813054759, "recall": 0.022988505747126436, "fmeasure (percentage)": 0.133}, "scores_per_subset": {"HV": {"precision": 0.0005458515283842794, "recall": 0.025, "f-measure": 0.0010683760683760685}, "PB": {"precision": 0.0009114108640174991, "recall": 0.02127659574468085, "f-measure": 0.0017479461632581717}}, "scores_per_audiofile": {"a1.wav": {"precision": 0.0007830853563038371, "recall": 0.045454545454545456, "f-measure": 0.001539645881447267}, "n1.wav": {"precision": 1e-05, "recall": 1e-05, "f-measure": 1e-05}, "BUK1_20181011_001004.wav": {"precision": 0.0009738994935722633, "recall": 0.16129032258064516, "f-measure": 0.001936108422071636}, "BUK1_20181013_023504.wav": {"precision": 1e-05, "recall": 1e-05, "f-measure": 1e-05}, "BUK4_20161011_000804.wav": {"precision": 1e-05, "recall": 1e-05, "f-measure": 1e-05}, "BUK4_20171022_004304a.wav": {"precision": 1e-05, "recall": 1e-05, "f-measure": 1e-05}, "BUK5_20161101_002104a.wav": {"precision": 1e-05, "recall": 1e-05, "f-measure": 1e-05}, "BUK5_20180921_015906a.wav": {"precision": 1e-05, "recall": 1e-05, "f-measure": 1e-05}}}