{"team_name": "tw1022", "set_name": "EVAL", "report_date": "03052023_13_01_31", "overall_scores": {"precision": 0.0005453157378121932, "recall": 0.022988505747126436, "fmeasure (percentage)": 0.107}, "scores_per_subset": {"HV": {"precision": 0.0003894080996884735, "recall": 0.025, "f-measure": 0.0007668711656441718}, "PB": {"precision": 0.0009094216078574026, "recall": 0.02127659574468085, "f-measure": 0.0017442874585731729}}, "scores_per_audiofile": {"a1.wav": {"precision": 0.0005817335660267597, "recall": 0.045454545454545456, "f-measure": 0.0011487650775416428}, "n1.wav": {"precision": 1e-05, "recall": 1e-05, "f-measure": 1e-05}, "BUK1_20181011_001004.wav": {"precision": 0.000972951936174353, "recall": 0.16129032258064516, "f-measure": 0.0019342359767891683}, "BUK1_20181013_023504.wav": {"precision": 1e-05, "recall": 1e-05, "f-measure": 1e-05}, "BUK4_20161011_000804.wav": {"precision": 1e-05, "recall": 1e-05, "f-measure": 1e-05}, "BUK4_20171022_004304a.wav": {"precision": 1e-05, "recall": 1e-05, "f-measure": 1e-05}, "BUK5_20161101_002104a.wav": {"precision": 1e-05, "recall": 1e-05, "f-measure": 1e-05}, "BUK5_20180921_015906a.wav": {"precision": 1e-05, "recall": 1e-05, "f-measure": 1e-05}}}