{"team_name": "tw1022", "set_name": "EVAL", "report_date": "03052023_12_50_31", "overall_scores": {"precision": 1.9696347968814118e-05, "recall": 1.9984345595949845e-05, "fmeasure (percentage)": 0.002}, "scores_per_subset": {"HV": {"precision": 1e-05, "recall": 1e-05, "f-measure": 1e-05}, "PB": {"precision": 0.0006486486486486486, "recall": 0.01276595744680851, "f-measure": 0.0012345679012345679}}, "scores_per_audiofile": {"a1.wav": {"precision": 1e-05, "recall": 1e-05, "f-measure": 1e-05}, "n1.wav": {"precision": 1e-05, "recall": 1e-05, "f-measure": 1e-05}, "BUK1_20181011_001004.wav": {"precision": 0.0006997900629811056, "recall": 0.0967741935483871, "f-measure": 0.0013895321908290875}, "BUK1_20181013_023504.wav": {"precision": 1e-05, "recall": 1e-05, "f-measure": 1e-05}, "BUK4_20161011_000804.wav": {"precision": 1e-05, "recall": 1e-05, "f-measure": 1e-05}, "BUK4_20171022_004304a.wav": {"precision": 1e-05, "recall": 1e-05, "f-measure": 1e-05}, "BUK5_20161101_002104a.wav": {"precision": 1e-05, "recall": 1e-05, "f-measure": 1e-05}, "BUK5_20180921_015906a.wav": {"precision": 1e-05, "recall": 1e-05, "f-measure": 1e-05}}}