{"team_name": "tw1022", "set_name": "EVAL", "report_date": "03052023_12_49_43", "overall_scores": {"precision": 0.0005424954792043399, "recall": 0.017142857142857144, "fmeasure (percentage)": 0.105}, "scores_per_subset": {"HV": {"precision": 0.0004889975550122249, "recall": 0.025, "f-measure": 0.0009592326139088729}, "PB": {"precision": 0.0006091370558375635, "recall": 0.013043478260869565, "f-measure": 0.0011639185257032007}}, "scores_per_audiofile": {"a1.wav": {"precision": 0.0008481764206955047, "recall": 0.045454545454545456, "f-measure": 0.0016652789342214821}, "n1.wav": {"precision": 1e-05, "recall": 1e-05, "f-measure": 1e-05}, "BUK1_20181011_001004.wav": {"precision": 0.0006584723441615452, "recall": 0.0967741935483871, "f-measure": 0.0013080444735120995}, "BUK1_20181013_023504.wav": {"precision": 1e-05, "recall": 1e-05, "f-measure": 1e-05}, "BUK4_20161011_000804.wav": {"precision": 1e-05, "recall": 1e-05, "f-measure": 1e-05}, "BUK4_20171022_004304a.wav": {"precision": 1e-05, "recall": 1e-05, "f-measure": 1e-05}, "BUK5_20161101_002104a.wav": {"precision": 1e-05, "recall": 1e-05, "f-measure": 1e-05}, "BUK5_20180921_015906a.wav": {"precision": 1e-05, "recall": 1e-05, "f-measure": 1e-05}}}