{"team_name": "tw1022", "set_name": "EVAL", "report_date": "03052023_13_01_21", "overall_scores": {"precision": 0.0020012007204322593, "recall": 0.022988505747126436, "fmeasure (percentage)": 0.368}, "scores_per_subset": {"HV": {"precision": 0.002770083102493075, "recall": 0.025, "f-measure": 0.004987531172069825}, "PB": {"precision": 0.0015664160401002505, "recall": 0.02127659574468085, "f-measure": 0.0029180040852057193}}, "scores_per_audiofile": {"a1.wav": {"precision": 0.0036363636363636364, "recall": 0.045454545454545456, "f-measure": 0.006734006734006734}, "n1.wav": {"precision": 1e-05, "recall": 1e-05, "f-measure": 1e-05}, "BUK1_20181011_001004.wav": {"precision": 0.001721763085399449, "recall": 0.16129032258064516, "f-measure": 0.0034071550255536627}, "BUK1_20181013_023504.wav": {"precision": 1e-05, "recall": 1e-05, "f-measure": 1e-05}, "BUK4_20161011_000804.wav": {"precision": 1e-05, "recall": 1e-05, "f-measure": 1e-05}, "BUK4_20171022_004304a.wav": {"precision": 1e-05, "recall": 1e-05, "f-measure": 1e-05}, "BUK5_20161101_002104a.wav": {"precision": 1e-05, "recall": 1e-05, "f-measure": 1e-05}, "BUK5_20180921_015906a.wav": {"precision": 1e-05, "recall": 1e-05, "f-measure": 1e-05}}}