{"team_name": "tw1022", "set_name": "EVAL", "report_date": "03052023_12_49_38", "overall_scores": {"precision": 0.0010504201680672268, "recall": 0.017142857142857144, "fmeasure (percentage)": 0.198}, "scores_per_subset": {"HV": {"precision": 0.0017152658662092624, "recall": 0.025, "f-measure": 0.0032102728731942215}, "PB": {"precision": 0.000757002271006813, "recall": 0.013043478260869565, "f-measure": 0.0014309563558311473}}, "scores_per_audiofile": {"a1.wav": {"precision": 0.0025974025974025974, "recall": 0.045454545454545456, "f-measure": 0.004914004914004914}, "n1.wav": {"precision": 1e-05, "recall": 1e-05, "f-measure": 1e-05}, "BUK1_20181011_001004.wav": {"precision": 0.0008246289169873557, "recall": 0.0967741935483871, "f-measure": 0.001635322976287817}, "BUK1_20181013_023504.wav": {"precision": 1e-05, "recall": 1e-05, "f-measure": 1e-05}, "BUK4_20161011_000804.wav": {"precision": 1e-05, "recall": 1e-05, "f-measure": 1e-05}, "BUK4_20171022_004304a.wav": {"precision": 1e-05, "recall": 1e-05, "f-measure": 1e-05}, "BUK5_20161101_002104a.wav": {"precision": 1e-05, "recall": 1e-05, "f-measure": 1e-05}, "BUK5_20180921_015906a.wav": {"precision": 1e-05, "recall": 1e-05, "f-measure": 1e-05}}}