{"team_name": "tw1022", "set_name": "EVAL", "report_date": "03052023_12_49_44", "overall_scores": {"precision": 0.0004935834155972359, "recall": 0.017142857142857144, "fmeasure (percentage)": 0.096}, "scores_per_subset": {"HV": {"precision": 0.0004152823920265781, "recall": 0.025, "f-measure": 0.0008169934640522876}, "PB": {"precision": 0.0006082725060827251, "recall": 0.013043478260869565, "f-measure": 0.001162340178225494}}, "scores_per_audiofile": {"a1.wav": {"precision": 0.0007363770250368188, "recall": 0.045454545454545456, "f-measure": 0.0014492753623188406}, "n1.wav": {"precision": 1e-05, "recall": 1e-05, "f-measure": 1e-05}, "BUK1_20181011_001004.wav": {"precision": 0.0006580390436499232, "recall": 0.0967741935483871, "f-measure": 0.00130718954248366}, "BUK1_20181013_023504.wav": {"precision": 1e-05, "recall": 1e-05, "f-measure": 1e-05}, "BUK4_20161011_000804.wav": {"precision": 1e-05, "recall": 1e-05, "f-measure": 1e-05}, "BUK4_20171022_004304a.wav": {"precision": 1e-05, "recall": 1e-05, "f-measure": 1e-05}, "BUK5_20161101_002104a.wav": {"precision": 1e-05, "recall": 1e-05, "f-measure": 1e-05}, "BUK5_20180921_015906a.wav": {"precision": 1e-05, "recall": 1e-05, "f-measure": 1e-05}}}