{"team_name": "tw1022", "set_name": "EVAL", "report_date": "03052023_13_01_29", "overall_scores": {"precision": 0.000595202666507946, "recall": 0.022988505747126436, "fmeasure (percentage)": 0.116}, "scores_per_subset": {"HV": {"precision": 0.0004422821760283061, "recall": 0.025, "f-measure": 0.000869187309865276}, "PB": {"precision": 0.0009097525473071324, "recall": 0.02127659574468085, "f-measure": 0.0017448961786773686}}, "scores_per_audiofile": {"a1.wav": {"precision": 0.0006480881399870382, "recall": 0.045454545454545456, "f-measure": 0.0012779552715654952}, "n1.wav": {"precision": 1e-05, "recall": 1e-05, "f-measure": 1e-05}, "BUK1_20181011_001004.wav": {"precision": 0.000972951936174353, "recall": 0.16129032258064516, "f-measure": 0.0019342359767891683}, "BUK1_20181013_023504.wav": {"precision": 1e-05, "recall": 1e-05, "f-measure": 1e-05}, "BUK4_20161011_000804.wav": {"precision": 1e-05, "recall": 1e-05, "f-measure": 1e-05}, "BUK4_20171022_004304a.wav": {"precision": 1e-05, "recall": 1e-05, "f-measure": 1e-05}, "BUK5_20161101_002104a.wav": {"precision": 1e-05, "recall": 1e-05, "f-measure": 1e-05}, "BUK5_20180921_015906a.wav": {"precision": 1e-05, "recall": 1e-05, "f-measure": 1e-05}}}