{"team_name": "tw1022", "set_name": "EVAL", "report_date": "03052023_13_01_23", "overall_scores": {"precision": 0.0010319917440660474, "recall": 0.022988505747126436, "fmeasure (percentage)": 0.198}, "scores_per_subset": {"HV": {"precision": 0.001142857142857143, "recall": 0.025, "f-measure": 0.002185792349726776}, "PB": {"precision": 0.0009407337723424271, "recall": 0.02127659574468085, "f-measure": 0.0018018018018018018}}, "scores_per_audiofile": {"a1.wav": {"precision": 0.0015552099533437014, "recall": 0.045454545454545456, "f-measure": 0.0030075187969924814}, "n1.wav": {"precision": 1e-05, "recall": 1e-05, "f-measure": 1e-05}, "BUK1_20181011_001004.wav": {"precision": 0.001004419445560466, "recall": 0.16129032258064516, "f-measure": 0.0019964064683569574}, "BUK1_20181013_023504.wav": {"precision": 1e-05, "recall": 1e-05, "f-measure": 1e-05}, "BUK4_20161011_000804.wav": {"precision": 1e-05, "recall": 1e-05, "f-measure": 1e-05}, "BUK4_20171022_004304a.wav": {"precision": 1e-05, "recall": 1e-05, "f-measure": 1e-05}, "BUK5_20161101_002104a.wav": {"precision": 1e-05, "recall": 1e-05, "f-measure": 1e-05}, "BUK5_20180921_015906a.wav": {"precision": 1e-05, "recall": 1e-05, "f-measure": 1e-05}}}