{"team_name": "tw1022", "set_name": "EVAL", "report_date": "03052023_12_49_47", "overall_scores": {"precision": 0.0004145364101146885, "recall": 0.017142857142857144, "fmeasure (percentage)": 0.081}, "scores_per_subset": {"HV": {"precision": 0.00031456432840515884, "recall": 0.025, "f-measure": 0.0006213109661385523}, "PB": {"precision": 0.0006076564715414219, "recall": 0.013043478260869565, "f-measure": 0.0011612154054577125}}, "scores_per_audiofile": {"a1.wav": {"precision": 0.0005871990604815032, "recall": 0.045454545454545456, "f-measure": 0.0011594202898550724}, "n1.wav": {"precision": 1e-05, "recall": 1e-05, "f-measure": 1e-05}, "BUK1_20181011_001004.wav": {"precision": 0.0006578947368421052, "recall": 0.0967741935483871, "f-measure": 0.001306904813766064}, "BUK1_20181013_023504.wav": {"precision": 1e-05, "recall": 1e-05, "f-measure": 1e-05}, "BUK4_20161011_000804.wav": {"precision": 1e-05, "recall": 1e-05, "f-measure": 1e-05}, "BUK4_20171022_004304a.wav": {"precision": 1e-05, "recall": 1e-05, "f-measure": 1e-05}, "BUK5_20161101_002104a.wav": {"precision": 1e-05, "recall": 1e-05, "f-measure": 1e-05}, "BUK5_20180921_015906a.wav": {"precision": 1e-05, "recall": 1e-05, "f-measure": 1e-05}}}