{"team_name": "tw1022", "set_name": "EVAL", "report_date": "03052023_12_49_41", "overall_scores": {"precision": 0.0006304507723021961, "recall": 0.017142857142857144, "fmeasure (percentage)": 0.122}, "scores_per_subset": {"HV": {"precision": 0.0006493506493506494, "recall": 0.025, "f-measure": 0.0012658227848101266}, "PB": {"precision": 0.000612619971411068, "recall": 0.013043478260869565, "f-measure": 0.0011702750146284377}}, "scores_per_audiofile": {"a1.wav": {"precision": 0.001088139281828074, "recall": 0.045454545454545456, "f-measure": 0.0021253985122210413}, "n1.wav": {"precision": 1e-05, "recall": 1e-05, "f-measure": 1e-05}, "BUK1_20181011_001004.wav": {"precision": 0.0006616674018526688, "recall": 0.0967741935483871, "f-measure": 0.0013143483023001095}, "BUK1_20181013_023504.wav": {"precision": 1e-05, "recall": 1e-05, "f-measure": 1e-05}, "BUK4_20161011_000804.wav": {"precision": 1e-05, "recall": 1e-05, "f-measure": 1e-05}, "BUK4_20171022_004304a.wav": {"precision": 1e-05, "recall": 1e-05, "f-measure": 1e-05}, "BUK5_20161101_002104a.wav": {"precision": 1e-05, "recall": 1e-05, "f-measure": 1e-05}, "BUK5_20180921_015906a.wav": {"precision": 1e-05, "recall": 1e-05, "f-measure": 1e-05}}}