{"team_name": "tw1022", "set_name": "EVAL", "report_date": "03052023_13_01_24", "overall_scores": {"precision": 0.0009002520705797623, "recall": 0.022988505747126436, "fmeasure (percentage)": 0.173}, "scores_per_subset": {"HV": {"precision": 0.0008818342151675485, "recall": 0.025, "f-measure": 0.0017035775127768314}, "PB": {"precision": 0.0009194556822361162, "recall": 0.02127659574468085, "f-measure": 0.0017627357659086903}}, "scores_per_audiofile": {"a1.wav": {"precision": 0.001221001221001221, "recall": 0.045454545454545456, "f-measure": 0.0023781212841854932}, "n1.wav": {"precision": 1e-05, "recall": 1e-05, "f-measure": 1e-05}, "BUK1_20181011_001004.wav": {"precision": 0.0009811616954474097, "recall": 0.16129032258064516, "f-measure": 0.0019504583577140628}, "BUK1_20181013_023504.wav": {"precision": 1e-05, "recall": 1e-05, "f-measure": 1e-05}, "BUK4_20161011_000804.wav": {"precision": 1e-05, "recall": 1e-05, "f-measure": 1e-05}, "BUK4_20171022_004304a.wav": {"precision": 1e-05, "recall": 1e-05, "f-measure": 1e-05}, "BUK5_20161101_002104a.wav": {"precision": 1e-05, "recall": 1e-05, "f-measure": 1e-05}, "BUK5_20180921_015906a.wav": {"precision": 1e-05, "recall": 1e-05, "f-measure": 1e-05}}}