{"team_name": "tw1022", "set_name": "EVAL", "report_date": "02052023_11_59_42", "overall_scores": {"precision": 1.9974931461016427e-05, "recall": 1.9976028765481425e-05, "fmeasure (percentage)": 0.002}, "scores_per_subset": {"HV": {"precision": 1e-05, "recall": 1e-05, "f-measure": 1e-05}, "PB": {"precision": 0.00796812749003984, "recall": 0.008333333333333333, "f-measure": 0.008146639511201629}}, "scores_per_audiofile": {"a1.wav": {"precision": 1e-05, "recall": 1e-05, "f-measure": 1e-05}, "n1.wav": {"precision": 1e-05, "recall": 1e-05, "f-measure": 1e-05}, "BUK1_20181011_001004.wav": {"precision": 0.01680672268907563, "recall": 0.06451612903225806, "f-measure": 0.02666666666666667}, "BUK1_20181013_023504.wav": {"precision": 1e-05, "recall": 1e-05, "f-measure": 1e-05}, "BUK4_20161011_000804.wav": {"precision": 1e-05, "recall": 1e-05, "f-measure": 1e-05}, "BUK4_20171022_004304a.wav": {"precision": 1e-05, "recall": 1e-05, "f-measure": 1e-05}, "BUK5_20161101_002104a.wav": {"precision": 1e-05, "recall": 1e-05, "f-measure": 1e-05}, "BUK5_20180921_015906a.wav": {"precision": 1e-05, "recall": 1e-05, "f-measure": 1e-05}}}