{"team_name": "tw1022", "set_name": "EVAL", "report_date": "03052023_12_49_42", "overall_scores": {"precision": 0.000569692366122294, "recall": 0.017142857142857144, "fmeasure (percentage)": 0.11}, "scores_per_subset": {"HV": {"precision": 0.0005344735435595938, "recall": 0.025, "f-measure": 0.0010465724751439038}, "PB": {"precision": 0.0006098800569221387, "recall": 0.013043478260869565, "f-measure": 0.0011652748106428432}}, "scores_per_audiofile": {"a1.wav": {"precision": 0.0009157509157509158, "recall": 0.045454545454545456, "f-measure": 0.0017953321364452424}, "n1.wav": {"precision": 1e-05, "recall": 1e-05, "f-measure": 1e-05}, "BUK1_20181011_001004.wav": {"precision": 0.0006590509666080844, "recall": 0.0967741935483871, "f-measure": 0.0013091861226271003}, "BUK1_20181013_023504.wav": {"precision": 1e-05, "recall": 1e-05, "f-measure": 1e-05}, "BUK4_20161011_000804.wav": {"precision": 1e-05, "recall": 1e-05, "f-measure": 1e-05}, "BUK4_20171022_004304a.wav": {"precision": 1e-05, "recall": 1e-05, "f-measure": 1e-05}, "BUK5_20161101_002104a.wav": {"precision": 1e-05, "recall": 1e-05, "f-measure": 1e-05}, "BUK5_20180921_015906a.wav": {"precision": 1e-05, "recall": 1e-05, "f-measure": 1e-05}}}