{"team_name": "tw1022", "set_name": "EVAL", "report_date": "03052023_13_01_22", "overall_scores": {"precision": 0.0012679092177000125, "recall": 0.022988505747126436, "fmeasure (percentage)": 0.24}, "scores_per_subset": {"HV": {"precision": 0.0016207455429497568, "recall": 0.025, "f-measure": 0.0030441400304414}, "PB": {"precision": 0.0010412328196584756, "recall": 0.02127659574468085, "f-measure": 0.0019853087155052612}}, "scores_per_audiofile": {"a1.wav": {"precision": 0.0021645021645021645, "recall": 0.045454545454545456, "f-measure": 0.004132231404958678}, "n1.wav": {"precision": 1e-05, "recall": 1e-05, "f-measure": 1e-05}, "BUK1_20181011_001004.wav": {"precision": 0.0011178180192264698, "recall": 0.16129032258064516, "f-measure": 0.002220248667850799}, "BUK1_20181013_023504.wav": {"precision": 1e-05, "recall": 1e-05, "f-measure": 1e-05}, "BUK4_20161011_000804.wav": {"precision": 1e-05, "recall": 1e-05, "f-measure": 1e-05}, "BUK4_20171022_004304a.wav": {"precision": 1e-05, "recall": 1e-05, "f-measure": 1e-05}, "BUK5_20161101_002104a.wav": {"precision": 1e-05, "recall": 1e-05, "f-measure": 1e-05}, "BUK5_20180921_015906a.wav": {"precision": 1e-05, "recall": 1e-05, "f-measure": 1e-05}}}