{"team_name": "tw1022", "set_name": "EVAL", "report_date": "03052023_13_01_26", "overall_scores": {"precision": 0.0007576905591756327, "recall": 0.022988505747126436, "fmeasure (percentage)": 0.147}, "scores_per_subset": {"HV": {"precision": 0.0006472491909385113, "recall": 0.025, "f-measure": 0.0012618296529968455}, "PB": {"precision": 0.0009135757354284671, "recall": 0.02127659574468085, "f-measure": 0.001751927119831815}}, "scores_per_audiofile": {"a1.wav": {"precision": 0.0009140767824497258, "recall": 0.045454545454545456, "f-measure": 0.0017921146953405018}, "n1.wav": {"precision": 1e-05, "recall": 1e-05, "f-measure": 1e-05}, "BUK1_20181011_001004.wav": {"precision": 0.000975609756097561, "recall": 0.16129032258064516, "f-measure": 0.001939487975174554}, "BUK1_20181013_023504.wav": {"precision": 1e-05, "recall": 1e-05, "f-measure": 1e-05}, "BUK4_20161011_000804.wav": {"precision": 1e-05, "recall": 1e-05, "f-measure": 1e-05}, "BUK4_20171022_004304a.wav": {"precision": 1e-05, "recall": 1e-05, "f-measure": 1e-05}, "BUK5_20161101_002104a.wav": {"precision": 1e-05, "recall": 1e-05, "f-measure": 1e-05}, "BUK5_20180921_015906a.wav": {"precision": 1e-05, "recall": 1e-05, "f-measure": 1e-05}}}