{"team_name": "tw1022", "set_name": "EVAL", "report_date": "03052023_12_49_40", "overall_scores": {"precision": 0.0007075471698113207, "recall": 0.017142857142857144, "fmeasure (percentage)": 0.136}, "scores_per_subset": {"HV": {"precision": 0.0008244023083264633, "recall": 0.025, "f-measure": 0.0015961691939345571}, "PB": {"precision": 0.0006197066721751704, "recall": 0.013043478260869565, "f-measure": 0.0011831985801617037}}, "scores_per_audiofile": {"a1.wav": {"precision": 0.001336898395721925, "recall": 0.045454545454545456, "f-measure": 0.0025974025974025974}, "n1.wav": {"precision": 1e-05, "recall": 1e-05, "f-measure": 1e-05}, "BUK1_20181011_001004.wav": {"precision": 0.0006690454950936663, "recall": 0.0967741935483871, "f-measure": 0.00132890365448505}, "BUK1_20181013_023504.wav": {"precision": 1e-05, "recall": 1e-05, "f-measure": 1e-05}, "BUK4_20161011_000804.wav": {"precision": 1e-05, "recall": 1e-05, "f-measure": 1e-05}, "BUK4_20171022_004304a.wav": {"precision": 1e-05, "recall": 1e-05, "f-measure": 1e-05}, "BUK5_20161101_002104a.wav": {"precision": 1e-05, "recall": 1e-05, "f-measure": 1e-05}, "BUK5_20180921_015906a.wav": {"precision": 1e-05, "recall": 1e-05, "f-measure": 1e-05}}}