{"team_name": "tw1022", "set_name": "EVAL", "report_date": "03052023_12_49_37", "overall_scores": {"precision": 0.0022624434389140274, "recall": 0.017142857142857144, "fmeasure (percentage)": 0.4}, "scores_per_subset": {"HV": {"precision": 0.0035842293906810036, "recall": 0.025, "f-measure": 0.006269592476489028}, "PB": {"precision": 0.001652892561983471, "recall": 0.013043478260869565, "f-measure": 0.00293398533007335}}, "scores_per_audiofile": {"a1.wav": {"precision": 0.00510204081632653, "recall": 0.045454545454545456, "f-measure": 0.009174311926605505}, "n1.wav": {"precision": 1e-05, "recall": 1e-05, "f-measure": 1e-05}, "BUK1_20181011_001004.wav": {"precision": 0.001893939393939394, "recall": 0.0967741935483871, "f-measure": 0.0037151702786377707}, "BUK1_20181013_023504.wav": {"precision": 1e-05, "recall": 1e-05, "f-measure": 1e-05}, "BUK4_20161011_000804.wav": {"precision": 1e-05, "recall": 1e-05, "f-measure": 1e-05}, "BUK4_20171022_004304a.wav": {"precision": 1e-05, "recall": 1e-05, "f-measure": 1e-05}, "BUK5_20161101_002104a.wav": {"precision": 1e-05, "recall": 1e-05, "f-measure": 1e-05}, "BUK5_20180921_015906a.wav": {"precision": 1e-05, "recall": 1e-05, "f-measure": 1e-05}}}