{"team_name": "tw1022", "set_name": "EVAL", "report_date": "03052023_12_53_25", "overall_scores": {"precision": 1.9869523462595622e-05, "recall": 1.999216973352104e-05, "fmeasure (percentage)": 0.002}, "scores_per_subset": {"HV": {"precision": 1e-05, "recall": 1e-05, "f-measure": 1e-05}, "PB": {"precision": 0.0015228426395939086, "recall": 0.02553191489361702, "f-measure": 0.002874251497005988}}, "scores_per_audiofile": {"a1.wav": {"precision": 1e-05, "recall": 1e-05, "f-measure": 1e-05}, "n1.wav": {"precision": 1e-05, "recall": 1e-05, "f-measure": 1e-05}, "BUK1_20181011_001004.wav": {"precision": 0.0016371077762619372, "recall": 0.1935483870967742, "f-measure": 0.003246753246753247}, "BUK1_20181013_023504.wav": {"precision": 1e-05, "recall": 1e-05, "f-measure": 1e-05}, "BUK4_20161011_000804.wav": {"precision": 1e-05, "recall": 1e-05, "f-measure": 1e-05}, "BUK4_20171022_004304a.wav": {"precision": 1e-05, "recall": 1e-05, "f-measure": 1e-05}, "BUK5_20161101_002104a.wav": {"precision": 1e-05, "recall": 1e-05, "f-measure": 1e-05}, "BUK5_20180921_015906a.wav": {"precision": 1e-05, "recall": 1e-05, "f-measure": 1e-05}}}