Audiofilename,Starttime,Endtime
a1.wav,2352.6438548752835,2353.0385941043087
a1.wav,2356.3938775510205,2357.1833560090704
a1.wav,2361.1307482993197,2361.5254875283445
a1.wav,2365.867619047619,2366.0649886621313
a1.wav,2366.657097505669,2366.8544671201817
a1.wav,2374.7492517006804,2375.143990929705
a1.wav,2379.4861224489796,2379.683492063492
a1.wav,2374.7492517006804,2375.143990929705
