Audiofilename,Starttime,Endtime
a1.wav,424.9348299319728,425.13219954648525
a1.wav,2284.551337868481,2284.7487074829933
a1.wav,2454.2892063492063,2454.4865759637187
a1.wav,2459.0260770975055,2459.4208163265307
a1.wav,2495.144716553288,2495.3420861678005
a1.wav,3072.0560997732427,3072.4508390022675
a1.wav,3075.01664399093,3075.2140136054422
a1.wav,3106.9905215419503,3107.1878911564627
a1.wav,3165.4119274376417,3165.609297052154
a1.wav,3072.0560997732427,3072.4508390022675
